P1_RTT,P1_CWND,P1_inflight,P2_RTT,P2_CWND,P2_inflight
0,46.72,178,0,46.72,25
0,46.72,1375,0,46.72,178
0,46.72,1375,0,46.72,1528
0,46.72,1375,0,46.72,2878
0,46.72,1375,0,46.72,4228
0,46.72,1375,0,46.72,5578
0,46.72,1375,0,46.72,6928
0,46.72,1375,0,46.72,8278
0,46.72,1375,0,46.72,9628
0,46.72,1375,0,46.72,10978
0,46.72,12328,0,46.72,1375
0,46.72,2725,0,46.72,12328
0,46.72,13678,0,46.72,2725
0,46.72,4075,0,46.72,13678
0,46.72,4075,0,46.72,15028
0,46.72,4075,0,46.72,16378
0,46.72,4075,0,46.72,17728
0,46.72,4075,0,46.72,19078
0,46.72,4075,0,46.72,20428
0,46.72,4075,0,46.72,21778
0,46.72,23128,0,46.72,4075
0,46.72,5425,0,46.72,23128
0,46.72,5425,0,46.72,24478
0,46.72,5425,0,46.72,25828
0,46.72,5425,0,46.72,27178
0,46.72,5425,0,46.72,28528
0,46.72,5425,0,46.72,29878
0,46.72,5425,0,46.72,31228
0,46.72,5425,0,46.72,32578
0,46.72,5425,0,46.72,33928
0,46.72,5425,0,46.72,35278
0,46.72,5425,0,46.72,36628
0,46.72,5425,0,46.72,37978
0,46.72,5425,0,46.72,39328
0,46.72,5425,0,46.72,40678
0,46.72,5425,0,46.72,42028
0,46.72,5425,0,46.72,43378
0,46.72,5425,0,46.72,44728
0,46.72,5425,0,46.72,46078
44.683,55.48,54000,75.453,67.16,0
75.453,67.16,0,44.683,55.48,54000
45.681,58.4,51300,75.453,67.16,0
75.453,67.16,0,46.254,61.32,48600
46.327,64.24,45900,75.453,67.16,0
46.297,67.16,43200,75.453,67.16,0
46.609,70.08,40500,75.453,67.16,0
47.059,73,37800,75.453,67.16,0
47.526,73,35100,75.453,67.16,0
47.94,73,32400,75.453,67.16,0
48.325,73,29700,75.453,67.16,0
48.722,73,27000,75.453,67.16,0
49.086,73,24300,75.453,67.16,0
49.532,73,21600,75.453,67.16,0
49.532,73,21600,75.453,67.16,0
49.532,73,21600,75.453,67.16,1350
49.532,73,21600,75.453,67.16,2700
49.532,73,21600,75.453,67.16,4050
49.532,73,21600,75.453,67.16,5400
49.532,73,21600,75.453,67.16,6750
49.532,73,21600,75.453,67.16,8100
49.532,73,21600,75.453,67.16,9450
49.532,73,21600,75.453,67.16,10800
75.453,67.16,12150,49.532,73,21600
49.532,73,22950,75.453,67.16,12150
49.532,73,22950,75.453,67.16,13500
75.453,67.16,14850,49.532,73,22950
49.532,73,24300,75.453,67.16,14850
49.532,73,24300,75.453,67.16,16200
49.532,73,24300,75.453,67.16,17550
49.532,73,24300,75.453,67.16,18900
49.532,73,24300,75.453,67.16,20250
49.532,73,24300,75.453,67.16,21600
49.532,73,24300,75.453,67.16,22950
75.453,67.16,24300,49.532,73,24300
49.532,73,25650,75.453,67.16,24300
49.532,73,25650,75.453,67.16,25650
49.532,73,25650,75.453,67.16,27000
49.532,73,25650,75.453,67.16,28350
49.532,73,25650,75.453,67.16,29700
49.532,73,25650,75.453,67.16,31050
49.532,73,25650,75.453,67.16,32400
75.453,67.16,33750,49.532,73,25650
49.532,73,27000,75.453,67.16,33750
49.532,73,27000,75.453,67.16,35100
49.532,73,27000,75.453,67.16,36450
49.532,73,27000,75.453,67.16,37800
75.453,67.16,39150,49.532,73,27000
49.532,73,28350,75.453,67.16,39150
49.532,73,28350,75.453,67.16,40500
49.532,73,28350,75.453,67.16,41850
49.532,73,28350,75.453,67.16,43200
49.532,73,28350,75.453,67.16,44550
49.532,73,28350,75.453,67.16,45900
49.532,73,28350,75.453,67.16,47250
49.532,73,28350,75.453,67.16,48600
49.532,73,28350,75.453,67.16,49950
49.532,73,28350,75.453,67.16,51300
49.532,73,28350,75.453,67.16,52650
49.532,73,28350,75.453,67.16,54000
49.532,73,28350,75.453,67.16,55350
49.532,73,28350,75.453,67.16,56700
49.532,73,28350,75.453,67.16,58050
49.532,73,28350,75.453,67.16,59400
75.453,67.16,60750,49.532,73,28350
49.532,73,29700,75.453,67.16,60750
49.532,73,29700,75.453,67.16,62100
75.453,67.16,63450,49.532,73,29700
49.532,73,31050,75.453,67.16,63450
75.453,67.16,64800,49.532,73,31050
49.532,73,32400,75.453,67.16,64800
49.532,73,32400,75.453,67.16,66150
48.388,86.14,0,74.628,68.62,66150
74.582,71.54,63450,48.388,86.14,0
48.388,86.14,0,74.399,74.46,60750
48.388,86.14,0,74.547,77.38,58050
48.388,86.14,0,74.421,80.3,55350
48.388,86.14,0,74.383,83.22,52650
48.388,86.14,0,74.349,86.14,49950
48.388,86.14,0,74.363,89.06,47250
48.388,86.14,0,74.391,90.52,44550
48.388,86.14,0,74.313,90.52,41850
48.388,86.14,0,74.292,90.52,39150
48.388,86.14,0,74.347,90.52,36450
48.388,86.14,0,74.237,90.52,33750
48.388,86.14,0,74.302,90.52,31050
48.388,86.14,0,74.343,90.52,28350
48.388,86.14,0,74.301,90.52,25650
48.388,86.14,0,74.391,90.52,22950
74.44,90.52,20250,48.388,86.14,0
48.388,86.14,0,74.485,90.52,17550
48.388,86.14,0,74.485,90.52,17550
74.485,90.52,17550,48.388,86.14,0
48.388,86.14,0,74.531,90.52,14850
48.388,86.14,0,74.598,90.52,12150
48.388,86.14,0,74.671,90.52,9450
74.738,90.52,6750,48.388,86.14,0
48.388,86.14,0,74.738,90.52,6750
48.388,86.14,0,74.673,90.52,4050
48.388,86.14,0,74.619,90.52,1350
48.388,86.14,0,74.619,90.52,1350
74.619,90.52,2700,48.388,86.14,0
48.388,86.14,1350,74.619,90.52,2700
48.388,86.14,1350,74.619,90.52,4050
48.388,86.14,1350,74.619,90.52,5400
48.388,86.14,1350,74.619,90.52,6750
48.388,86.14,1350,74.619,90.52,8100
74.619,90.52,9450,48.388,86.14,1350
48.388,86.14,2700,74.619,90.52,9450
74.619,90.52,10800,48.388,86.14,2700
48.388,86.14,4050,74.619,90.52,10800
48.388,86.14,4050,74.619,90.52,12150
48.388,86.14,4050,74.619,90.52,13500
74.619,90.52,14850,48.388,86.14,4050
48.388,86.14,5400,74.619,90.52,14850
74.619,90.52,16200,48.388,86.14,5400
48.388,86.14,6750,74.619,90.52,16200
48.388,86.14,6750,74.619,90.52,17550
48.388,86.14,6750,74.619,90.52,18900
48.388,86.14,6750,74.619,90.52,20250
48.388,86.14,6750,74.619,90.52,21600
48.388,86.14,6750,74.619,90.52,22950
48.388,86.14,6750,74.619,90.52,24300
48.388,86.14,6750,74.619,90.52,25650
48.388,86.14,6750,74.619,90.52,27000
48.388,86.14,6750,74.619,90.52,28350
48.388,86.14,6750,74.619,90.52,29700
48.388,86.14,6750,74.619,90.52,31050
74.619,90.52,32400,48.388,86.14,6750
74.619,90.52,32400,48.388,86.14,8100
48.388,86.14,9450,74.619,90.52,32400
48.388,86.14,9450,74.619,90.52,33750
48.388,86.14,9450,74.619,90.52,35100
48.388,86.14,9450,74.619,90.52,36450
48.388,86.14,9450,74.619,90.52,37800
48.388,86.14,9450,74.619,90.52,39150
48.388,86.14,9450,74.619,90.52,40500
48.388,86.14,9450,74.619,90.52,41850
74.619,90.52,43200,48.388,86.14,9450
48.388,86.14,10800,74.619,90.52,43200
48.388,86.14,10800,74.619,90.52,44550
48.388,86.14,10800,74.619,90.52,45900
48.388,86.14,10800,74.619,90.52,47250
48.388,86.14,10800,74.619,90.52,48600
48.388,86.14,10800,74.619,90.52,49950
48.388,86.14,10800,74.619,90.52,51300
48.388,86.14,10800,74.619,90.52,52650
74.619,90.52,54000,48.388,86.14,10800
48.388,86.14,12150,74.619,90.52,54000
48.388,86.14,12150,74.619,90.52,55350
48.388,86.14,12150,74.619,90.52,56700
48.388,86.14,12150,74.619,90.52,58050
48.388,86.14,12150,74.619,90.52,59400
74.619,90.52,60750,48.388,86.14,12150
48.388,86.14,13500,74.619,90.52,60750
48.388,86.14,13500,74.619,90.52,62100
48.388,86.14,13500,74.619,90.52,63450
74.619,90.52,64800,48.388,86.14,13500
48.388,86.14,14850,74.619,90.52,64800
48.388,86.14,14850,74.619,90.52,66150
48.388,86.14,14850,74.619,90.52,67500
74.619,90.52,68850,48.388,86.14,14850
48.388,86.14,16200,74.619,90.52,68850
48.388,86.14,16200,74.619,90.52,70200
48.388,86.14,16200,74.619,90.52,71550
74.619,90.52,72900,48.388,86.14,16200
48.388,86.14,17550,74.619,90.52,72900
48.388,86.14,17550,74.619,90.52,74250
48.388,86.14,17550,74.619,90.52,75600
48.388,86.14,17550,74.619,90.52,76950
48.388,86.14,17550,74.619,90.52,78300
48.388,86.14,17550,74.619,90.52,79650
48.388,86.14,17550,74.619,90.52,81000
48.388,86.14,17550,74.619,90.52,82350
48.388,86.14,17550,74.619,90.52,83700
74.619,90.52,85050,48.388,86.14,17550
48.388,86.14,18900,74.619,90.52,85050
48.388,86.14,18900,74.619,90.52,86400
48.388,86.14,18900,74.619,90.52,87750
48.388,86.14,18900,74.619,90.52,89100
48.388,86.14,18900,74.619,90.52,90450
54.819,144.54,42506,74.336,94.9,90450
54.819,144.54,42506,74.749,97.82,87750
54.819,144.54,42506,74.937,100.74,85050
54.819,144.54,42506,74.736,103.66,82350
75.023,106.58,79650,54.819,144.54,42506
54.819,144.54,42506,74.814,109.5,76950
54.819,144.54,42506,75.304,112.42,74250
54.819,144.54,42506,75.171,115.34,71550
54.819,144.54,42506,75.014,118.26,68850
54.819,144.54,42506,74.919,121.18,66150
54.819,144.54,42506,74.809,124.1,63450
54.819,144.54,42506,74.808,125.56,60750
54.819,144.54,42506,74.837,125.56,58050
54.819,144.54,42506,74.876,125.56,55350
74.869,125.56,52650,54.819,144.54,42506
54.819,144.54,42506,75.368,125.56,49950
54.819,144.54,42506,75.641,125.56,47250
54.819,144.54,42506,75.607,125.56,44550
54.819,144.54,42506,75.607,125.56,44550
54.819,144.54,42506,75.796,125.56,41850
54.819,144.54,42506,75.637,125.56,39150
54.819,144.54,42506,75.507,125.56,36450
54.819,144.54,42506,75.379,125.56,33750
54.819,144.54,42506,75.322,125.56,31050
75.721,125.56,28350,54.819,144.54,42506
54.819,144.54,42506,75.62,125.56,25650
75.519,125.56,22950,54.819,144.54,42506
75.469,125.56,20250,54.819,144.54,42506
75.393,125.56,17550,54.819,144.54,42506
75.465,125.56,14850,54.819,144.54,42506
54.819,144.54,42506,75.54,125.56,12150
54.819,144.54,42506,75.582,125.56,9450
54.819,144.54,42506,75.604,125.56,6750
75.601,125.56,4050,54.819,144.54,42506
54.819,144.54,42506,75.601,125.56,4050
54.819,144.54,42506,75.601,125.56,5400
54.819,144.54,42506,75.601,125.56,6750
54.819,144.54,42506,75.601,125.56,8100
54.819,144.54,42506,75.601,125.56,9450
54.819,144.54,42506,75.601,125.56,10800
54.819,144.54,42506,75.601,125.56,12150
54.819,144.54,42506,75.601,125.56,13500
54.819,144.54,42506,75.601,125.56,14850
54.819,144.54,42506,75.601,125.56,16200
54.819,144.54,42506,75.601,125.56,17550
54.819,144.54,42506,75.601,125.56,18900
54.819,144.54,42506,75.601,125.56,20250
54.819,144.54,42506,75.601,125.56,21600
54.819,144.54,42506,75.601,125.56,22950
54.819,144.54,42506,75.601,125.56,24300
54.819,144.54,42506,75.601,125.56,25650
54.819,144.54,42506,75.601,125.56,27000
75.601,125.56,28350,54.819,144.54,42506
54.819,144.54,43856,75.601,125.56,28350
75.601,125.56,29700,54.819,144.54,43856
54.819,144.54,45206,75.601,125.56,29700
54.819,144.54,45206,75.601,125.56,31050
54.819,144.54,45206,75.601,125.56,32400
54.819,144.54,45206,75.601,125.56,33750
54.819,144.54,45206,75.601,125.56,35100
54.819,144.54,45206,75.601,125.56,36450
54.819,144.54,45206,75.601,125.56,37800
54.819,144.54,45206,75.601,125.56,39150
54.819,144.54,45206,75.601,125.56,40500
54.819,144.54,45206,75.601,125.56,41850
54.819,144.54,45206,75.601,125.56,43200
54.819,144.54,45206,75.601,125.56,44550
54.819,144.54,45206,75.601,125.56,45900
75.601,125.56,47250,54.819,144.54,45206
75.601,125.56,47250,54.819,144.54,46556
54.819,144.54,47906,75.601,125.56,47250
75.601,125.56,48600,54.819,144.54,47906
54.819,144.54,49256,75.601,125.56,48600
54.819,144.54,49256,75.601,125.56,49950
54.819,144.54,49256,75.601,125.56,51300
54.819,144.54,49256,75.601,125.56,52650
54.819,144.54,49256,75.601,125.56,54000
54.819,144.54,49256,75.601,125.56,55350
54.819,144.54,49256,75.601,125.56,56700
54.819,144.54,49256,75.601,125.56,58050
54.819,144.54,49256,75.601,125.56,59400
54.819,144.54,49256,75.601,125.56,60750
54.819,144.54,49256,75.601,125.56,62100
54.819,144.54,49256,75.601,125.56,63450
54.819,144.54,49256,75.601,125.56,64800
54.819,144.54,49256,75.601,125.56,66150
54.819,144.54,49256,75.601,125.56,67500
75.601,125.56,68850,54.819,144.54,49256
54.819,144.54,50606,75.601,125.56,68850
54.819,144.54,50606,75.601,125.56,70200
54.819,144.54,50606,75.601,125.56,71550
54.819,144.54,50606,75.601,125.56,72900
54.819,144.54,50606,75.601,125.56,74250
54.819,144.54,50606,75.601,125.56,75600
54.819,144.54,50606,75.601,125.56,76950
54.819,144.54,50606,75.601,125.56,78300
54.819,144.54,50606,75.601,125.56,79650
54.819,144.54,50606,75.601,125.56,81000
54.819,144.54,50606,75.601,125.56,82350
54.819,144.54,50606,75.601,125.56,83700
54.819,144.54,50606,75.601,125.56,85050
54.819,144.54,50606,75.601,125.56,86400
54.819,144.54,50606,75.601,125.56,87750
54.819,144.54,50606,75.601,125.56,89100
54.819,144.54,50606,75.601,125.56,90450
75.601,125.56,91800,54.819,144.54,50606
54.819,144.54,51956,75.601,125.56,91800
75.601,125.56,93150,54.819,144.54,51956
54.819,144.54,53306,75.601,125.56,93150
75.601,125.56,94500,54.819,144.54,53306
75.601,125.56,94500,54.819,144.54,54656
54.819,144.54,56006,75.601,125.56,94500
54.819,144.54,56006,75.601,125.56,95850
54.819,144.54,56006,75.601,125.56,97200
54.819,144.54,56006,75.601,125.56,98550
54.819,144.54,56006,75.601,125.56,99900
54.819,144.54,56006,75.601,125.56,101250
54.819,144.54,56006,75.601,125.56,102600
54.819,144.54,56006,75.601,125.56,103950
54.819,144.54,56006,75.601,125.56,105300
54.819,144.54,56006,75.601,125.56,106650
54.819,144.54,56006,75.601,125.56,108000
54.819,144.54,56006,75.601,125.56,109350
54.819,144.54,56006,75.601,125.56,110700
54.819,144.54,56006,75.601,125.56,112050
54.819,144.54,56006,75.601,125.56,113400
54.819,144.54,56006,75.601,125.56,114750
54.819,144.54,56006,75.601,125.56,116100
54.819,144.54,56006,75.601,125.56,117450
54.819,144.54,56006,75.601,125.56,118800
54.819,144.54,56006,75.601,125.56,120150
54.819,144.54,56006,75.601,125.56,121500
54.819,144.54,56006,75.601,125.56,122850
75.601,125.56,124200,54.819,144.54,56006
54.819,144.54,57356,75.601,125.56,124200
54.819,144.54,57356,75.601,125.56,125550
57.993,303.68,195044,74.467,132.86,128250
57.993,303.68,195044,74.36,135.78,125550
57.993,303.68,195044,74.36,135.78,125550
57.993,303.68,195044,74.425,138.7,122850
57.993,303.68,195044,74.519,141.62,120150
74.713,144.54,117450,57.993,303.68,195044
57.993,303.68,195044,74.713,144.54,117450
74.713,144.54,117450,57.993,303.68,195044
57.993,303.68,195044,75.09,147.46,114750
57.993,303.68,195044,74.989,150.38,112050
57.993,303.68,195044,76.056,153.3,109350
57.993,303.68,195044,76.056,153.3,109350
57.993,303.68,195044,76.056,153.3,109350
57.993,303.68,195044,76.554,156.22,106650
57.993,303.68,195044,76.282,159.14,103950
57.993,303.68,195044,76.166,162.06,101250
57.993,303.68,195044,75.987,164.98,98550
57.993,303.68,195044,76.595,167.9,95850
57.993,303.68,195044,76.552,170.82,93150
76.552,170.82,93150,57.993,303.68,195044
76.541,173.74,90450,57.993,303.68,195044
57.993,303.68,195044,76.723,176.66,87750
57.993,303.68,195044,76.723,176.66,87750
57.993,303.68,195044,76.587,176.66,85050
57.993,303.68,195044,76.587,176.66,85050
57.993,303.68,195044,77.113,176.66,82350
57.993,303.68,195044,77.099,176.66,79650
57.993,303.68,195044,77.099,176.66,79650
57.993,303.68,195044,77.097,176.66,76950
57.993,303.68,195044,77.13,176.66,74250
57.993,303.68,195044,77.13,176.66,74250
57.993,303.68,195044,77.21,176.66,71550
57.993,303.68,195044,77.215,176.66,68850
57.993,303.68,195044,77.215,176.66,68850
57.993,303.68,195044,77.296,176.66,66150
57.993,303.68,195044,77.23,176.66,63450
69.686,306.6,192344,77.23,176.66,63450
69.686,306.6,192344,77.342,176.66,60750
69.686,306.6,192344,77.217,176.66,58050
77.095,176.66,55350,69.686,306.6,192344
69.906,309.52,189644,77.095,176.66,55350
69.906,309.52,189644,77.068,176.66,52650
69.906,309.52,189644,77.157,176.66,49950
77.157,176.66,49950,70.176,312.44,186944
70.176,312.44,186944,77.056,176.66,47250
70.176,312.44,186944,77.149,176.66,44550
70.176,312.44,186944,76.911,176.66,41850
70.408,315.36,184244,76.911,176.66,41850
70.408,315.36,184244,77.232,176.66,39150
71.562,318.28,181544,77.232,176.66,39150
71.562,318.28,181544,77.705,176.66,36450
71.562,318.28,181544,77.591,176.66,33750
71.562,318.28,181544,77.591,176.66,33750
71.562,318.28,181544,77.591,176.66,33750
71.562,318.28,181544,78.532,176.66,31050
72.787,321.2,178844,78.532,176.66,31050
72.787,321.2,178844,78.611,176.66,28350
72.787,321.2,178844,78.516,176.66,25650
78.516,176.66,25650,72.947,324.12,176144
72.947,324.12,176144,78.486,176.66,22950
72.947,324.12,176144,78.458,176.66,20250
72.947,324.12,176144,78.337,176.66,17550
73.191,327.04,173444,78.337,176.66,17550
73.191,327.04,173444,78.277,176.66,14850
78.187,176.66,12150,73.191,327.04,173444
73.304,329.96,170744,78.187,176.66,12150
73.304,329.96,170744,78.033,176.66,9450
73.346,332.88,168044,78.033,176.66,9450
73.317,334.34,165344,78.033,176.66,9450
73.239,334.34,162644,78.033,176.66,9450
73.313,334.34,159944,78.033,176.66,9450
73.313,334.34,159944,78.033,176.66,9450
78.033,176.66,10800,73.313,334.34,159944
73.313,334.34,161294,78.033,176.66,10800
73.313,334.34,161294,78.033,176.66,12150
78.033,176.66,13500,73.313,334.34,161294
73.313,334.34,162644,78.033,176.66,13500
73.313,334.34,162644,78.033,176.66,14850
73.313,334.34,162644,78.033,176.66,16200
73.313,334.34,162644,78.033,176.66,17550
73.313,334.34,162644,78.033,176.66,18900
78.033,176.66,20250,73.313,334.34,162644
73.313,334.34,163994,78.033,176.66,20250
73.313,334.34,163994,78.033,176.66,21600
73.313,334.34,163994,78.033,176.66,22950
73.313,334.34,163994,78.033,176.66,24300
78.033,176.66,25650,73.313,334.34,163994
73.313,334.34,165344,78.033,176.66,25650
73.313,334.34,165344,78.033,176.66,27000
73.313,334.34,165344,78.033,176.66,28350
73.313,334.34,165344,78.033,176.66,29700
73.313,334.34,165344,78.033,176.66,31050
73.313,334.34,165344,78.033,176.66,32400
73.313,334.34,165344,78.033,176.66,33750
78.033,176.66,35100,73.313,334.34,165344
73.313,334.34,166694,78.033,176.66,35100
73.313,334.34,166694,78.033,176.66,36450
73.313,334.34,166694,78.033,176.66,37800
73.313,334.34,166694,78.033,176.66,39150
73.313,334.34,166694,78.033,176.66,40500
73.313,334.34,166694,78.033,176.66,41850
73.313,334.34,166694,78.033,176.66,43200
78.033,176.66,44550,73.313,334.34,166694
78.033,176.66,44550,73.313,334.34,168044
73.313,334.34,169394,78.033,176.66,44550
73.313,334.34,169394,78.033,176.66,45900
73.313,334.34,169394,78.033,176.66,47250
73.313,334.34,169394,78.033,176.66,48600
73.313,334.34,169394,78.033,176.66,49950
73.313,334.34,169394,78.033,176.66,51300
78.033,176.66,52650,73.313,334.34,169394
78.033,176.66,52650,73.313,334.34,170744
73.313,334.34,172094,78.033,176.66,52650
73.313,334.34,172094,78.033,176.66,54000
73.313,334.34,172094,78.033,176.66,55350
73.313,334.34,172094,78.033,176.66,56700
73.313,334.34,172094,78.033,176.66,58050
73.313,334.34,172094,78.033,176.66,59400
73.313,334.34,172094,78.033,176.66,60750
73.313,334.34,172094,78.033,176.66,62100
73.313,334.34,172094,78.033,176.66,63450
73.313,334.34,172094,78.033,176.66,64800
73.313,334.34,172094,78.033,176.66,66150
73.313,334.34,172094,78.033,176.66,67500
73.313,334.34,172094,78.033,176.66,68850
73.313,334.34,172094,78.033,176.66,70200
73.313,334.34,172094,78.033,176.66,71550
73.313,334.34,172094,78.033,176.66,72900
73.313,334.34,172094,78.033,176.66,74250
73.313,334.34,172094,78.033,176.66,75600
73.313,334.34,172094,78.033,176.66,76950
73.313,334.34,172094,78.033,176.66,78300
73.313,334.34,172094,78.033,176.66,79650
73.313,334.34,172094,78.033,176.66,81000
73.313,334.34,172094,78.033,176.66,82350
73.313,334.34,172094,78.033,176.66,83700
73.313,334.34,172094,78.033,176.66,85050
73.313,334.34,172094,78.033,176.66,86400
73.313,334.34,172094,78.033,176.66,87750
73.313,334.34,172094,78.033,176.66,89100
73.313,334.34,172094,78.033,176.66,90450
73.313,334.34,172094,78.033,176.66,91800
73.313,334.34,172094,78.033,176.66,93150
73.313,334.34,172094,78.033,176.66,94500
73.313,334.34,172094,78.033,176.66,95850
73.313,334.34,172094,78.033,176.66,97200
78.033,176.66,98550,73.313,334.34,172094
73.313,334.34,173444,78.033,176.66,98550
73.313,334.34,173444,78.033,176.66,99900
73.313,334.34,173444,78.033,176.66,101250
73.313,334.34,173444,78.033,176.66,102600
73.313,334.34,173444,78.033,176.66,103950
73.313,334.34,173444,78.033,176.66,105300
73.313,334.34,173444,78.033,176.66,106650
73.313,334.34,173444,78.033,176.66,108000
73.313,334.34,173444,78.033,176.66,109350
73.313,334.34,173444,78.033,176.66,110700
73.313,334.34,173444,78.033,176.66,112050
73.313,334.34,173444,78.033,176.66,113400
73.313,334.34,173444,78.033,176.66,114750
73.313,334.34,173444,78.033,176.66,116100
73.313,334.34,173444,78.033,176.66,117450
73.313,334.34,173444,78.033,176.66,118800
73.313,334.34,173444,78.033,176.66,120150
73.313,334.34,173444,78.033,176.66,121500
73.313,334.34,173444,78.033,176.66,122850
73.313,334.34,173444,78.033,176.66,124200
73.313,334.34,173444,78.033,176.66,125550
73.313,334.34,173444,78.033,176.66,126900
73.313,334.34,173444,78.033,176.66,128250
73.313,334.34,173444,78.033,176.66,129600
73.313,334.34,173444,78.033,176.66,130950
73.313,334.34,173444,78.033,176.66,132300
73.313,334.34,173444,78.033,176.66,133650
73.313,334.34,173444,78.033,176.66,135000
73.313,334.34,173444,78.033,176.66,136350
73.313,334.34,173444,78.033,176.66,137700
73.313,334.34,173444,78.033,176.66,139050
73.313,334.34,173444,78.033,176.66,140400
73.313,334.34,173444,78.033,176.66,141750
73.313,334.34,173444,78.033,176.66,143100
73.313,334.34,173444,78.033,176.66,144450
73.313,334.34,173444,78.033,176.66,145800
78.033,176.66,147150,73.313,334.34,173444
73.313,334.34,174794,78.033,176.66,147150
73.313,334.34,174794,78.033,176.66,148500
73.313,334.34,174794,78.033,176.66,149850
73.313,334.34,174794,78.033,176.66,151200
73.313,334.34,174794,78.033,176.66,152550
73.313,334.34,174794,78.033,176.66,153900
73.313,334.34,174794,78.033,176.66,155250
78.033,176.66,156600,73.313,334.34,174794
73.313,334.34,176144,78.033,176.66,156600
73.313,334.34,176144,78.033,176.66,157950
73.313,334.34,176144,78.033,176.66,159300
73.313,334.34,176144,78.033,176.66,160650
73.313,334.34,176144,78.033,176.66,162000
73.313,334.34,176144,78.033,176.66,163350
73.313,334.34,176144,78.033,176.66,164700
73.313,334.34,176144,78.033,176.66,166050
73.313,334.34,176144,78.033,176.66,167400
73.313,334.34,176144,78.033,176.66,168750
78.033,176.66,170100,73.313,334.34,176144
73.313,334.34,177494,78.033,176.66,170100
73.313,334.34,177494,78.033,176.66,171450
73.313,334.34,177494,78.033,176.66,172800
73.313,334.34,177494,78.033,176.66,174150
73.313,334.34,177494,78.033,176.66,175500
66.766,334.34,332100,78.015,245.28,243517
66.818,334.34,329400,78.015,245.28,243517
66.818,334.34,329400,78.015,248.2,240817
66.818,334.34,329400,77.851,251.12,238117
66.818,334.34,329400,77.674,254.04,235417
66.818,334.34,329400,77.5,256.96,232717
66.818,334.34,329400,77.358,259.88,230017
66.818,334.34,329400,77.167,262.8,227317
66.818,334.34,329400,76.994,265.72,224617
66.818,334.34,329400,76.853,268.64,221917
66.818,334.34,329400,76.704,271.56,219217
66.929,334.34,326700,76.704,271.56,219217
66.929,334.34,326700,76.704,271.56,219217
67.158,334.34,324000,76.704,271.56,219217
67.158,334.34,324000,76.861,274.48,216517
67.158,334.34,324000,76.717,277.4,213817
67.158,334.34,324000,76.582,280.32,211117
67.158,334.34,324000,76.435,283.24,208417
67.204,334.34,321300,76.435,283.24,208417
67.204,334.34,321300,76.34,286.16,205717
67.204,334.34,321300,76.195,289.08,203017
67.204,334.34,321300,76.264,292,200317
76.264,292,200317,67.443,334.34,318600
67.443,334.34,318600,76.264,292,200317
67.443,334.34,318600,76.264,292,200317
67.443,334.34,318600,76.264,294.92,197617
67.643,334.34,315900,76.264,294.92,197617
76.239,297.84,194917,67.643,334.34,315900
67.643,334.34,315900,76.143,300.76,192217
67.643,334.34,315900,76.07,303.68,189517
67.754,334.34,313200,76.07,303.68,189517
67.754,334.34,313200,76.088,306.6,186817
67.754,334.34,313200,76.109,309.52,184117
67.754,334.34,313200,76.012,312.44,181417
76.012,312.44,181417,67.918,334.34,310500
67.918,334.34,310500,75.962,315.36,178717
67.918,334.34,310500,75.937,318.28,176017
75.937,318.28,176017,68.06,334.34,307800
68.06,334.34,307800,76.103,321.2,173317
68.06,334.34,307800,76.151,324.12,170617
68.06,334.34,307800,76.151,324.12,170617
68.06,334.34,307800,76.181,327.04,167917
68.06,334.34,307800,76.465,329.96,165217
68.06,334.34,307800,76.475,329.96,162517
68.06,334.34,307800,76.475,329.96,162517
68.06,334.34,307800,76.699,329.96,159817
68.06,334.34,307800,76.627,329.96,157117
68.06,334.34,307800,76.627,329.96,157117
68.06,334.34,307800,76.622,329.96,154417
68.06,334.34,307800,76.622,329.96,154417
68.06,334.34,307800,77.043,329.96,151717
68.06,334.34,307800,76.828,329.96,149017
68.06,334.34,307800,76.828,329.96,149017
68.06,334.34,307800,77.551,329.96,146317
68.06,334.34,307800,77.429,329.96,143617
68.06,334.34,307800,77.429,329.96,143617
68.06,334.34,307800,77.434,329.96,140917
68.06,334.34,307800,77.425,329.96,138217
68.06,334.34,307800,77.425,329.96,138217
68.06,334.34,307800,77.401,329.96,135517
68.06,334.34,307800,77.733,329.96,132817
68.06,334.34,307800,77.733,329.96,132817
68.06,334.34,307800,77.544,329.96,130117
77.544,329.96,130117,68.06,334.34,307800
68.06,334.34,307800,77.544,329.96,130117
68.06,334.34,307800,77.544,329.96,130117
77.544,329.96,130117,68.06,334.34,307800
68.06,334.34,309150,77.544,329.96,130117
68.06,334.34,309150,77.544,329.96,131467
77.544,329.96,132817,68.06,334.34,309150
68.06,334.34,310500,77.544,329.96,132817
68.06,334.34,310500,77.544,329.96,134167
68.06,334.34,310500,77.544,329.96,135517
68.06,334.34,310500,77.544,329.96,136867
68.06,334.34,310500,77.544,329.96,138217
68.06,334.34,310500,77.544,329.96,139567
68.06,334.34,310500,77.544,329.96,140917
68.06,334.34,310500,77.544,329.96,142267
68.06,334.34,310500,77.544,329.96,143617
68.06,334.34,310500,77.544,329.96,144967
68.06,334.34,310500,77.544,329.96,146317
68.06,334.34,310500,77.544,329.96,147667
77.544,329.96,149017,68.06,334.34,310500
68.06,334.34,311850,77.544,329.96,149017
68.06,334.34,311850,77.544,329.96,150367
68.06,334.34,311850,77.544,329.96,151717
68.06,334.34,311850,77.544,329.96,153067
68.06,334.34,311850,77.544,329.96,154417
68.06,334.34,311850,77.544,329.96,155767
77.544,329.96,157117,68.06,334.34,311850
68.06,334.34,313200,77.544,329.96,157117
68.06,334.34,313200,77.544,329.96,158467
68.06,334.34,313200,77.544,329.96,159817
77.544,329.96,161167,68.06,334.34,313200
68.06,334.34,314550,77.544,329.96,161167
68.06,334.34,314550,77.544,329.96,162517
68.06,334.34,314550,77.544,329.96,163867
68.06,334.34,314550,77.544,329.96,165217
68.06,334.34,314550,77.544,329.96,166567
68.06,334.34,314550,77.544,329.96,167917
68.06,334.34,314550,77.544,329.96,169267
68.06,334.34,314550,77.544,329.96,170617
68.06,334.34,314550,77.544,329.96,171967
68.06,334.34,314550,77.544,329.96,173317
68.06,334.34,314550,77.544,329.96,174667
68.06,334.34,314550,77.544,329.96,176017
68.06,334.34,314550,77.544,329.96,177367
68.06,334.34,314550,77.544,329.96,178717
68.06,334.34,314550,77.544,329.96,180067
68.06,334.34,314550,77.544,329.96,181417
68.06,334.34,314550,77.544,329.96,182767
68.06,334.34,314550,77.544,329.96,184117
68.06,334.34,314550,77.544,329.96,185467
68.06,334.34,314550,77.544,329.96,186817
68.06,334.34,314550,77.544,329.96,188167
68.06,334.34,314550,77.544,329.96,189517
68.06,334.34,314550,77.544,329.96,190867
68.06,334.34,314550,77.544,329.96,192217
68.06,334.34,314550,77.544,329.96,193567
68.06,334.34,314550,77.544,329.96,194917
77.544,329.96,196267,68.06,334.34,314550
77.544,329.96,196267,68.06,334.34,315900
68.06,334.34,317250,77.544,329.96,196267
68.06,334.34,317250,77.544,329.96,197617
68.06,334.34,317250,77.544,329.96,198967
68.06,334.34,317250,77.544,329.96,200317
68.06,334.34,317250,77.544,329.96,201667
68.06,334.34,317250,77.544,329.96,203017
68.06,334.34,317250,77.544,329.96,204367
68.06,334.34,317250,77.544,329.96,205717
77.544,329.96,207067,68.06,334.34,317250
68.06,334.34,318600,77.544,329.96,207067
68.06,334.34,318600,77.544,329.96,208417
68.06,334.34,318600,77.544,329.96,209767
68.06,334.34,318600,77.544,329.96,211117
68.06,334.34,318600,77.544,329.96,212467
68.06,334.34,318600,77.544,329.96,213817
68.06,334.34,318600,77.544,329.96,215167
68.06,334.34,318600,77.544,329.96,216517
68.06,334.34,318600,77.544,329.96,217867
68.06,334.34,318600,77.544,329.96,219217
68.06,334.34,318600,77.544,329.96,220567
68.06,334.34,318600,77.544,329.96,221917
68.06,334.34,318600,77.544,329.96,223267
68.06,334.34,318600,77.544,329.96,224617
68.06,334.34,318600,77.544,329.96,225967
68.06,334.34,318600,77.544,329.96,227317
68.06,334.34,318600,77.544,329.96,228667
77.544,329.96,230017,68.06,334.34,318600
68.06,334.34,319950,77.544,329.96,230017
68.06,334.34,319950,77.544,329.96,231367
68.06,334.34,319950,77.544,329.96,232717
68.06,334.34,319950,77.544,329.96,234067
68.06,334.34,319950,77.544,329.96,235417
68.06,334.34,319950,77.544,329.96,236767
68.06,334.34,319950,77.544,329.96,238117
68.06,334.34,319950,77.544,329.96,239467
68.06,334.34,319950,77.544,329.96,240817
68.06,334.34,319950,77.544,329.96,242167
68.06,334.34,319950,77.544,329.96,243517
77.544,329.96,244867,68.06,334.34,319950
77.544,329.96,244867,68.06,334.34,321300
68.06,334.34,322650,77.544,329.96,244867
68.06,334.34,322650,77.544,329.96,246217
68.06,334.34,322650,77.544,329.96,247567
77.544,329.96,248917,68.06,334.34,322650
68.06,334.34,324000,77.544,329.96,248917
68.06,334.34,324000,77.544,329.96,250267
77.544,329.96,251617,68.06,334.34,324000
77.544,329.96,251617,68.06,334.34,325350
68.06,334.34,326700,77.544,329.96,251617
68.06,334.34,326700,77.544,329.96,252967
68.06,334.34,326700,77.544,329.96,254317
77.544,329.96,255667,68.06,334.34,326700
68.06,334.34,328050,77.544,329.96,255667
68.06,334.34,328050,77.544,329.96,257017
68.06,334.34,328050,77.544,329.96,258367
68.06,334.34,328050,77.544,329.96,259717
68.06,334.34,328050,77.544,329.96,261067
68.06,334.34,328050,77.544,329.96,262417
68.06,334.34,328050,77.544,329.96,263767
68.06,334.34,328050,77.544,329.96,265117
68.06,334.34,328050,77.544,329.96,266467
68.06,334.34,328050,77.544,329.96,267817
68.06,334.34,328050,77.544,329.96,269167
68.06,334.34,328050,77.544,329.96,270517
68.06,334.34,328050,77.544,329.96,271867
77.544,329.96,273217,68.06,334.34,328050
68.06,334.34,329400,77.544,329.96,273217
68.06,334.34,329400,77.544,329.96,274567
68.06,334.34,329400,77.544,329.96,275917
68.06,334.34,329400,77.544,329.96,277267
68.06,334.34,329400,77.544,329.96,278617
68.06,334.34,329400,77.544,329.96,279967
68.06,334.34,329400,77.544,329.96,281317
68.06,334.34,329400,77.544,329.96,282667
68.06,334.34,329400,77.544,329.96,284017
68.06,334.34,329400,77.544,329.96,285367
68.06,334.34,329400,77.544,329.96,286717
68.06,334.34,329400,77.544,329.96,288067
68.06,334.34,329400,77.544,329.96,289417
68.06,334.34,329400,77.544,329.96,290767
68.06,334.34,329400,77.544,329.96,292117
68.06,334.34,329400,77.544,329.96,293467
68.06,334.34,329400,77.544,329.96,294817
68.06,334.34,329400,77.544,329.96,296167
68.06,334.34,329400,77.544,329.96,297517
68.06,334.34,329400,77.544,329.96,298867
68.06,334.34,329400,77.544,329.96,300217
77.544,329.96,301567,68.06,334.34,329400
68.06,334.34,330750,77.544,329.96,301567
68.06,334.34,330750,77.544,329.96,302917
68.06,334.34,330750,77.544,329.96,304267
77.544,329.96,305617,68.06,334.34,330750
68.06,334.34,332100,77.544,329.96,305617
77.544,329.96,306967,68.06,334.34,332100
68.06,334.34,333450,77.544,329.96,306967
68.06,334.34,333450,77.544,329.96,308317
68.06,334.34,333450,77.544,329.96,309667
68.06,334.34,333450,77.544,329.96,311017
68.06,334.34,333450,77.544,329.96,312367
68.06,334.34,333450,77.544,329.96,313717
68.06,334.34,333450,77.544,329.96,315067
68.06,334.34,333450,77.544,329.96,316417
68.06,334.34,333450,77.544,329.96,317767
68.06,334.34,333450,77.544,329.96,319117
68.06,334.34,333450,77.544,329.96,320467
68.06,334.34,333450,77.544,329.96,321817
68.06,334.34,333450,77.544,329.96,323167
68.06,334.34,333450,77.544,329.96,324517
68.06,334.34,333450,77.544,329.96,325867
68.06,334.34,333450,77.544,329.96,327217
77.544,329.96,328567,68.06,334.34,333450
79.306,334.34,332100,75.08,341.64,320467
75.08,341.64,320467,79.413,334.34,329400
79.814,334.34,326700,75.08,341.64,320467
80.188,334.34,324000,75.08,341.64,320467
80.631,334.34,321300,75.08,341.64,320467
81.085,334.34,318600,75.08,341.64,320467
81.583,334.34,315900,75.08,341.64,320467
82.01,334.34,313200,75.08,341.64,320467
82.499,334.34,310500,75.08,341.64,320467
82.894,334.34,307800,75.08,341.64,320467
75.08,341.64,320467,83.301,334.34,305100
83.663,334.34,302400,75.08,341.64,320467
84.124,334.34,299700,75.08,341.64,320467
84.575,334.34,297000,75.08,341.64,320467
84.951,334.34,294300,75.08,341.64,320467
85.397,334.34,291600,75.08,341.64,320467
85.782,334.34,288900,75.08,341.64,320467
86.357,334.34,286200,75.08,341.64,320467
86.654,334.34,283500,75.08,341.64,320467
86.654,334.34,283500,75.08,341.64,320467
87.044,334.34,280800,75.08,341.64,320467
87.044,334.34,280800,74.282,344.56,317767
87.337,334.34,278100,74.282,344.56,317767
74.417,347.48,315067,87.337,334.34,278100
87.77,334.34,275400,74.417,347.48,315067
88.126,334.34,272700,74.417,347.48,315067
88.494,334.34,270000,74.417,347.48,315067
88.907,334.34,267300,74.417,347.48,315067
89.308,334.34,264600,74.417,347.48,315067
89.777,334.34,261900,74.417,347.48,315067
90.101,334.34,259200,74.417,347.48,315067
90.588,334.34,256500,74.417,347.48,315067
91.401,334.34,253800,74.417,347.48,315067
91.43,334.34,251100,74.417,347.48,315067
91.766,334.34,248400,74.417,347.48,315067
74.417,347.48,315067,92.165,334.34,245700
92.636,334.34,243000,74.417,347.48,315067
93.347,334.34,240300,74.417,347.48,315067
74.417,347.48,315067,93.693,334.34,237600
94.355,334.34,234900,74.417,347.48,315067
94.394,334.34,232200,74.417,347.48,315067
74.417,347.48,315067,94.394,334.34,232200
94.394,334.34,232200,74.417,347.48,315067
94.828,334.34,229500,74.417,347.48,315067
95.15,334.34,226800,74.417,347.48,315067
95.28,334.34,224100,74.417,347.48,315067
95.422,334.34,221400,74.417,347.48,315067
95.595,334.34,218700,74.417,347.48,315067
95.511,334.34,216000,74.417,347.48,315067
95.476,334.34,213300,74.417,347.48,315067
74.417,347.48,315067,95.45,334.34,210600
95.698,334.34,207900,74.417,347.48,315067
95.815,334.34,205200,74.417,347.48,315067
95.762,334.34,202500,74.417,347.48,315067
95.57,334.34,199800,74.417,347.48,315067
74.417,347.48,315067,95.779,334.34,197100
95.575,334.34,194400,74.417,347.48,315067
95.596,334.34,191700,74.417,347.48,315067
95.507,334.34,189000,74.417,347.48,315067
95.63,334.34,186300,74.417,347.48,315067
95.586,334.34,183600,74.417,347.48,315067
95.7,334.34,180900,74.417,347.48,315067
95.7,334.34,180900,74.417,347.48,315067
95.602,334.34,178200,74.417,347.48,315067
95.915,334.34,175500,74.417,347.48,315067
80.933,334.34,172800,74.417,347.48,315067
80.03,334.34,170100,74.417,347.48,315067
79.116,334.34,167400,74.417,347.48,315067
78.88,334.34,164700,74.417,347.48,315067
74.417,347.48,315067,76.339,334.34,162000
74.417,347.48,315067,73.912,334.34,159300
73.019,334.34,156600,74.417,347.48,315067
73.019,334.34,156600,74.417,347.48,315067
73.072,334.34,153900,74.417,347.48,315067
73.072,334.34,153900,74.417,347.48,315067
73.139,334.34,151200,74.417,347.48,315067
74.417,347.48,315067,73.164,334.34,148500
73.047,334.34,145800,74.417,347.48,315067
73,334.34,143100,74.417,347.48,315067
74.427,350.4,312367,73,334.34,143100
73.177,334.34,140400,74.427,350.4,312367
73.652,334.34,137700,74.427,350.4,312367
73.242,334.34,135000,74.427,350.4,312367
72.988,334.34,132300,74.427,350.4,312367
72.969,334.34,129600,74.427,350.4,312367
74.427,350.4,312367,72.921,334.34,126900
72.924,334.34,124200,74.427,350.4,312367
72.949,334.34,121500,74.427,350.4,312367
72.853,334.34,118800,74.427,350.4,312367
72.879,334.34,116100,74.427,350.4,312367
72.868,334.34,113400,74.427,350.4,312367
74.427,350.4,312367,72.812,334.34,110700
72.829,334.34,108000,74.427,350.4,312367
72.901,334.34,105300,74.427,350.4,312367
72.901,334.34,105300,74.427,350.4,312367
72.986,334.34,102600,74.427,350.4,312367
73.357,334.34,99900,74.427,350.4,312367
73.246,334.34,97200,74.427,350.4,312367
72.981,334.34,94500,74.427,350.4,312367
72.985,334.34,91800,74.427,350.4,312367
72.99,334.34,89100,74.427,350.4,312367
72.935,334.34,86400,74.427,350.4,312367
72.894,334.34,83700,74.427,350.4,312367
74.427,350.4,312367,72.844,334.34,81000
73.073,334.34,78300,74.427,350.4,312367
72.895,334.34,75600,74.427,350.4,312367
72.764,334.34,72900,74.427,350.4,312367
72.499,334.34,70200,74.427,350.4,312367
72.883,334.34,67500,74.427,350.4,312367
72.872,334.34,64800,74.427,350.4,312367
74.427,350.4,312367,72.917,334.34,62100
74.427,350.4,312367,72.969,334.34,59400
72.986,334.34,56700,74.427,350.4,312367
73.413,334.34,54000,74.427,350.4,312367
73.413,334.34,54000,74.427,350.4,312367
72.821,334.34,51300,74.427,350.4,312367
71.641,334.34,48600,74.427,350.4,312367
74.427,350.4,312367,71.642,334.34,45900
71.642,334.34,45900,74.245,353.32,309667
74.344,356.24,306967,71.642,334.34,45900
74.344,356.24,306967,71.342,334.34,43200
70.711,334.34,40500,74.344,356.24,306967
70.711,334.34,40500,74.266,359.16,304267
70.24,334.34,37800,74.266,359.16,304267
70.24,334.34,37800,74.363,362.08,301567
74.33,365,298867,70.24,334.34,37800
70.24,334.34,37800,74.33,365,298867
69.25,334.34,35100,74.33,365,298867
69.25,334.34,35100,74.451,367.92,296167
74.435,370.84,293467,69.25,334.34,35100
68.79,334.34,32400,74.435,370.84,293467
68.79,334.34,32400,74.564,373.76,290767
68.79,334.34,32400,74.674,376.68,288067
68.79,334.34,32400,74.876,379.6,285367
69.156,334.34,29700,74.876,379.6,285367
69.156,334.34,29700,74.918,382.52,282667
74.903,385.44,279967,69.156,334.34,29700
74.903,385.44,279967,69.585,334.34,27000
69.585,334.34,27000,75.839,388.36,277267
69.585,334.34,27000,75.353,391.28,274567
63.93,334.34,24300,75.353,391.28,274567
63.93,334.34,24300,75.986,394.2,271867
63.93,334.34,24300,76.01,397.12,269167
63.93,334.34,24300,76.038,400.04,266467
76.038,400.04,266467,62.591,334.34,21600
62.591,334.34,21600,75.075,402.96,263767
62.591,334.34,21600,75.075,402.96,263767
59.907,334.34,18900,75.075,402.96,263767
75.073,408.8,258367,59.907,334.34,18900
59.907,334.34,18900,75.052,411.72,255667
59.349,334.34,16200,75.052,411.72,255667
59.349,334.34,16200,75.058,414.64,252967
75.113,417.56,250267,59.349,334.34,16200
57.138,334.34,13500,75.113,417.56,250267
57.138,334.34,13500,75.111,420.48,247567
57.138,334.34,13500,75.276,423.4,244867
57.138,334.34,13500,75.352,426.32,242167
57.259,334.34,10800,75.352,426.32,242167
57.259,334.34,10800,75.483,429.24,239467
57.259,334.34,10800,75.525,432.16,236767
57.341,334.34,8100,75.525,432.16,236767
57.341,334.34,8100,75.735,435.08,234067
75.965,438,231367,57.341,334.34,8100
56.557,334.34,5400,75.965,438,231367
56.557,334.34,5400,75.957,440.92,228667
74.919,443.84,225967,56.557,334.34,5400
56.557,334.34,5400,75.085,446.76,223267
55.277,334.34,2700,75.085,446.76,223267
55.277,334.34,2700,75.085,446.76,223267
55.277,334.34,2700,75.206,446.76,220567
55.277,334.34,2700,74.947,446.76,217867
74.947,446.76,217867,54.031,334.34,0
54.031,334.34,0,75.07,446.76,215167
54.031,334.34,0,75.196,446.76,212467
54.031,334.34,0,75.196,446.76,212467
54.031,334.34,0,75.231,446.76,209767
54.031,334.34,0,75.231,446.76,209767
54.031,334.34,0,75.231,446.76,209767
75.278,446.76,207067,54.031,334.34,0
54.031,334.34,0,75.271,446.76,204367
54.031,334.34,0,75.271,446.76,204367
54.031,334.34,0,75.377,446.76,201667
54.031,334.34,0,75.389,446.76,201150
54.031,334.34,0,75.389,446.76,201150
54.031,334.34,0,75.389,446.76,201150
54.031,334.34,0,75.389,446.76,201150
54.031,334.34,0,75.389,446.76,201150
54.031,334.34,0,74.3,446.76,198450
54.031,334.34,0,74.214,446.76,195750
54.031,334.34,0,74.289,446.76,193050
54.031,334.34,0,74.311,446.76,190350
54.031,334.34,0,74.372,446.76,187650
54.031,334.34,0,74.458,446.76,184950
54.031,334.34,0,74.49,446.76,182250
54.031,334.34,0,74.446,446.76,179550
54.031,334.34,0,74.483,446.76,176850
54.031,334.34,0,74.847,446.76,174150
54.031,334.34,0,74.607,446.76,171450
54.031,334.34,0,74.521,446.76,168750
54.031,334.34,0,74.794,446.76,166050
54.031,334.34,0,74.659,446.76,163350
54.031,334.34,0,74.426,446.76,160650
54.031,334.34,0,74.423,446.76,157950
54.031,334.34,0,74.472,446.76,155250
74.502,446.76,152550,54.031,334.34,0
54.031,334.34,0,74.54,446.76,149850
54.031,334.34,0,74.54,446.76,149850
54.031,334.34,0,74.54,446.76,149850
54.031,334.34,0,74.596,446.76,147150
54.031,334.34,0,74.596,446.76,147150
74.596,446.76,147150,54.031,334.34,0
54.031,334.34,0,74.743,446.76,144450
54.031,334.34,0,74.717,446.76,141750
54.031,334.34,0,74.79,446.76,139050
54.031,334.34,0,74.877,446.76,136350
54.031,334.34,0,74.794,446.76,133650
54.031,334.34,0,74.692,446.76,130950
74.801,446.76,128250,54.031,334.34,0
54.031,334.34,0,75.241,446.76,125550
54.031,334.34,0,75.047,446.76,122850
54.031,334.34,0,74.964,446.76,120150
54.031,334.34,0,75.297,446.76,117450
54.031,334.34,0,75.488,446.76,114750
54.031,334.34,0,75.384,446.76,112050
54.031,334.34,0,75.241,446.76,109350
54.031,334.34,0,75.179,446.76,106650
54.031,334.34,0,75.099,446.76,103950
54.031,334.34,0,75.16,446.76,101250
54.031,334.34,0,75.258,446.76,98550
54.031,334.34,0,75.866,446.76,95850
54.031,334.34,0,75.866,446.76,95850
54.031,334.34,0,75.866,446.76,95850
54.031,334.34,0,75.771,446.76,93150
54.031,334.34,0,75.699,446.76,90450
54.031,334.34,0,75.602,446.76,87750
54.031,334.34,0,75.328,446.76,85050
54.031,334.34,0,75.449,446.76,82350
75.423,446.76,79650,54.031,334.34,0
54.031,334.34,0,75.208,446.76,76950
54.031,334.34,0,75.253,446.76,74250
54.031,334.34,0,75.289,446.76,71550
54.031,334.34,0,75.36,446.76,68850
54.031,334.34,0,75.404,446.76,66150
54.031,334.34,0,75.76,446.76,63450
54.031,334.34,0,76.088,446.76,60750
76.325,446.76,58050,54.031,334.34,0
54.031,334.34,0,76.189,446.76,55350
54.031,334.34,0,76.092,446.76,52650
76.065,446.76,49950,54.031,334.34,0
54.031,334.34,0,75.98,446.76,47250
75.956,446.76,44550,54.031,334.34,0
75.956,446.76,44550,54.031,334.34,0
54.031,334.34,0,76.269,446.76,41850
54.031,334.34,0,76.179,446.76,39150
54.031,334.34,0,76.194,446.76,36450
54.031,334.34,0,76.53,446.76,33750
54.031,334.34,0,76.511,446.76,31050
54.031,334.34,0,76.479,446.76,28350
54.031,334.34,0,76.473,446.76,25650
76.756,446.76,22950,54.031,334.34,0
54.031,334.34,0,76.618,446.76,20250
76.657,446.76,17550,54.031,334.34,0
54.031,334.34,0,76.514,446.76,14850
54.031,334.34,0,76.37,446.76,12150
54.031,334.34,0,76.432,446.76,9450
76.509,446.76,6750,54.031,334.34,0
54.031,334.34,0,76.596,446.76,4050
54.031,334.34,0,76.582,446.76,1350
54.031,334.34,0,76.582,446.76,1350
76.582,446.76,1350,54.031,334.34,0
54.031,334.34,0,76.582,446.76,1350
54.031,334.34,0,76.582,446.76,1350